Datastudents_lastYearAverage,Datastudents_password,Datastudents_code,Datastudents_postalCode,Datastudents_homeAddress,Datastudents_homePhone,Datastudents_religionTitle,Datastudents_nationalityTitle,Datastudents_coverTitle,Datastudents_specificDiseaseExactTitle,Datastudents_housingTitle,Datastudents_motherMobile,Datastudents_motherQualification,Datastudents_motherJobExactTitle,Datastudents_fatherMobile,Datastudents_fatherQualification,Datastudents_fatherJobExactTitle,Datastudents_placeIssued,Datastudents_birthPlace,Datastudents_birthYear,Datastudents_birthMonth,Datastudents_birthDay,Datastudents_motherName,Datastudents_mobile,Datastudents_fatherName,Datastudents_nationalCode,Datastudents_serial,Datastudents_className,Datastudents_firstName,Datastudents_lastName,Text1
0/00,95843c33,,,9 غربی قبل تقاطع پلاک 78,65570136,اسلام-شیعه,ایرانی,,فوتبال فقط دروازهبان,مالک,9038413975,دیپلم,,9193790674,دیپلم,کارمند بانک,تهران,تهران,1393,4,20,مریم صفری محسن آباد,,قدیر,5561481436,ب/39/237023,هفتم1,مهیار,صادق دقیقی,10
,,,,,,,,,,,,,,,,,,,,,,,,,,,,,,
,,,,,,,,,,,,,,,,,,,,,,,,,,,,,,
,,,,,,,,,,,,,,,,,,,,,,,,,,,,,,
,,,,,,,,,,,,,,,,,,,,,,,,,,,,,,
,,,,,,,,,,,,,,,,,,,,,,,,,,,,,,
,,,,,,,,,,,,,,,,,,,,,,,,,,,,,,
,,,,,,,,,,,,,,,,,,,,,,,,,,,,,,
,,,,,,,,,,,,,,,,,,,,,,,,,,,,,,
,,,,,,,,,,,,,,,,,,,,,,,,,,,,,,
,,,,,,,,,,,,,,,,,,,,,,,,,,,,,,
,,,,,,,,,,,,,,,,,,,,,,,,,,,,,,
,,,,,,,,,,,,,,,,,,,,,,,,,,,,,,
,,,,,,,,,,,,,,,,,,,,,,,,,,,,,,
,,,,,,,,,,,,,,,,,,,,,,,,,,,,,,
,,,,,,,,,,,,,,,,,,,,,,,,,,,,,,
,,,,,,,,,,,,,,,,,,,,,,,,,,,,,,
,,,,,,,,,,,,,,,,,,,,,,,,,,,,,,
,,,,,,,,,,,,,,,,,,,,,,,,,,,,,,
,,,,,,,,,,,,,,,,,,,,,,,,,,,,,,
,,,,,,,,,,,,,,,,,,,,,,,,,,,,,,
,,,,,,,,,,,,,,,,,,,,,,,,,,,,,,
,,,,,,,,,,,,,,,,,,,,,,,,,,,,,,
,,,,,,,,,,,,,,,,,,,,,,,,,,,,,,
,,,,,,,,,,,,,,,,,,,,,,,,,,,,,,
,,,,,,,,,,,,,,,,,,,,,,,,,,,,,,
,,,,,,,,,,,,,,,,,,,,,,,,,,,,,,
,,,,,,,,,,,,,,,,,,,,,,,,,,,,,,
,,,,,,,,,,,,,,,,,,,,,,,,,,,,,,
,,,,,,,,,,,,,,,,,,,,,,,,,,,,,,
,,,,,,,,,,,,,,,,,,,,,,,,,,,,,,
